district,date,month,year,visitors
Adilabad,2016-01-01,January,2016,792136.0
Adilabad,2016-02-01,February,2016,937820.0
Adilabad,2016-03-01,March,2016,582946.0
Adilabad,2016-04-01,April,2016,341948.0
Adilabad,2016-05-01,May,2016,252887.0
Adilabad,2016-06-01,June,2016,368237.0
Adilabad,2016-07-01,July,2016,447562.0
Adilabad,2016-08-01,August,2016,614285.0
Adilabad,2016-09-01,September,2016,491279.0
Adilabad,2016-10-01,October,2016,94184.0
Adilabad,2016-11-01,November,2016,99148.0
Adilabad,2016-12-01,December,2016,53125.0
Bhadradri Kothagudem,2016-01-01,January,2016,78825.8
Bhadradri Kothagudem,2016-02-01,February,2016,104526.6
Bhadradri Kothagudem,2016-03-01,March,2016,130227.4
Bhadradri Kothagudem,2016-04-01,April,2016,155928.2
Bhadradri Kothagudem,2016-05-01,May,2016,181629.0
Bhadradri Kothagudem,2016-06-01,June,2016,207329.8
Bhadradri Kothagudem,2016-07-01,July,2016,233030.6
Bhadradri Kothagudem,2016-08-01,August,2016,258731.4
Bhadradri Kothagudem,2016-09-01,September,2016,284432.19999999995
Bhadradri Kothagudem,2016-10-01,October,2016,310133.0
Bhadradri Kothagudem,2016-11-01,November,2016,252127.0
Bhadradri Kothagudem,2016-12-01,December,2016,326770.0
Hyderabad,2016-01-01,January,2016,1122510.0
Hyderabad,2016-02-01,February,2016,778748.0
Hyderabad,2016-03-01,March,2016,1017794.0
Hyderabad,2016-04-01,April,2016,1127738.0
Hyderabad,2016-05-01,May,2016,1287181.0
Hyderabad,2016-06-01,June,2016,12032661.0
Hyderabad,2016-07-01,July,2016,1096754.0
Hyderabad,2016-08-01,August,2016,1061137.0
Hyderabad,2016-09-01,September,2016,832987.0
Hyderabad,2016-10-01,October,2016,901960.0
Hyderabad,2016-11-01,November,2016,909733.0
Hyderabad,2016-12-01,December,2016,1225502.0
Jagtial,2016-01-01,January,2016,1123076.7
Jagtial,2016-02-01,February,2016,1020651.4
Jagtial,2016-03-01,March,2016,918226.1
Jagtial,2016-04-01,April,2016,815800.8
Jagtial,2016-05-01,May,2016,713375.5
Jagtial,2016-06-01,June,2016,610950.2
Jagtial,2016-07-01,July,2016,508524.9
Jagtial,2016-08-01,August,2016,406099.6
Jagtial,2016-09-01,September,2016,303674.29999999993
Jagtial,2016-10-01,October,2016,201249.0
Jagtial,2016-11-01,November,2016,214534.0
Jagtial,2016-12-01,December,2016,207294.0
Jangaon,2016-01-01,January,2016,188041.6
Jangaon,2016-02-01,February,2016,168789.2
Jangaon,2016-03-01,March,2016,149536.8
Jangaon,2016-04-01,April,2016,130284.4
Jangaon,2016-05-01,May,2016,111032.0
Jangaon,2016-06-01,June,2016,91779.59999999999
Jangaon,2016-07-01,July,2016,72527.19999999998
Jangaon,2016-08-01,August,2016,53274.79999999999
Jangaon,2016-09-01,September,2016,34022.399999999994
Jangaon,2016-10-01,October,2016,14770.0
Jangaon,2016-11-01,November,2016,13210.0
Jangaon,2016-12-01,December,2016,12680.0
Jayashankar Bhoopalpally,2016-01-01,January,2016,19048.0
Jayashankar Bhoopalpally,2016-02-01,February,2016,25416.0
Jayashankar Bhoopalpally,2016-03-01,March,2016,31784.0
Jayashankar Bhoopalpally,2016-04-01,April,2016,38152.0
Jayashankar Bhoopalpally,2016-05-01,May,2016,44520.0
Jayashankar Bhoopalpally,2016-06-01,June,2016,50888.0
Jayashankar Bhoopalpally,2016-07-01,July,2016,57256.0
Jayashankar Bhoopalpally,2016-08-01,August,2016,63624.0
Jayashankar Bhoopalpally,2016-09-01,September,2016,69992.0
Jayashankar Bhoopalpally,2016-10-01,October,2016,76360.0
Jayashankar Bhoopalpally,2016-11-01,November,2016,81580.0
Jayashankar Bhoopalpally,2016-12-01,December,2016,85460.0
Jogulamba Gadwal,2016-01-01,January,2016,92203.8
Jogulamba Gadwal,2016-02-01,February,2016,98947.6
Jogulamba Gadwal,2016-03-01,March,2016,105691.4
Jogulamba Gadwal,2016-04-01,April,2016,112435.2
Jogulamba Gadwal,2016-05-01,May,2016,119179.0
Jogulamba Gadwal,2016-06-01,June,2016,125922.8
Jogulamba Gadwal,2016-07-01,July,2016,132666.6
Jogulamba Gadwal,2016-08-01,August,2016,139410.4
Jogulamba Gadwal,2016-09-01,September,2016,146154.2
Jogulamba Gadwal,2016-10-01,October,2016,152898.0
Jogulamba Gadwal,2016-11-01,November,2016,188170.0
Jogulamba Gadwal,2016-12-01,December,2016,182333.0
Kamareddy,2016-01-01,January,2016,164104.4
Kamareddy,2016-02-01,February,2016,145875.8
Kamareddy,2016-03-01,March,2016,127647.20000000001
Kamareddy,2016-04-01,April,2016,109418.6
Kamareddy,2016-05-01,May,2016,91190.0
Kamareddy,2016-06-01,June,2016,72961.40000000001
Kamareddy,2016-07-01,July,2016,54732.80000000002
Kamareddy,2016-08-01,August,2016,36504.20000000001
Kamareddy,2016-09-01,September,2016,18275.600000000006
Kamareddy,2016-10-01,October,2016,47.0
Kamareddy,2016-11-01,November,2016,38.0
Kamareddy,2016-12-01,December,2016,42.0
Karimnagar,2016-01-01,January,2016,1984442.0
Karimnagar,2016-02-01,February,2016,779960.0
Karimnagar,2016-03-01,March,2016,1018399.0
Karimnagar,2016-04-01,April,2016,956959.0
Karimnagar,2016-05-01,May,2016,1095642.0
Karimnagar,2016-06-01,June,2016,914746.0
Karimnagar,2016-07-01,July,2016,401047.0
Karimnagar,2016-08-01,August,2016,1018399.0
Karimnagar,2016-09-01,September,2016,956959.0
Karimnagar,2016-10-01,October,2016,13675.0
Karimnagar,2016-11-01,November,2016,13350.0
Karimnagar,2016-12-01,December,2016,13890.0
Khammam,2016-01-01,January,2016,651827.0
Khammam,2016-02-01,February,2016,407533.0
Khammam,2016-03-01,March,2016,458527.0
Khammam,2016-04-01,April,2016,971622.0
Khammam,2016-05-01,May,2016,433994.0
Khammam,2016-06-01,June,2016,445862.0
Khammam,2016-07-01,July,2016,414963.0
Khammam,2016-08-01,August,2016,503654.0
Khammam,2016-09-01,September,2016,368437.0
Khammam,2016-10-01,October,2016,121575.0
Khammam,2016-11-01,November,2016,110634.0
Khammam,2016-12-01,December,2016,116403.0
Komaram Bheem Asifabad,2016-01-01,January,2016,104762.7
Komaram Bheem Asifabad,2016-02-01,February,2016,93122.4
Komaram Bheem Asifabad,2016-03-01,March,2016,81482.1
Komaram Bheem Asifabad,2016-04-01,April,2016,69841.8
Komaram Bheem Asifabad,2016-05-01,May,2016,58201.5
Komaram Bheem Asifabad,2016-06-01,June,2016,46561.20000000001
Komaram Bheem Asifabad,2016-07-01,July,2016,34920.90000000001
Komaram Bheem Asifabad,2016-08-01,August,2016,23280.600000000006
Komaram Bheem Asifabad,2016-09-01,September,2016,11640.300000000003
Komaram Bheem Asifabad,2016-10-01,October,2016,0.0
Komaram Bheem Asifabad,2016-11-01,November,2016,0.0
Komaram Bheem Asifabad,2016-12-01,December,2016,0.0
Mahabubabad,2016-01-01,January,2016,1303.2
Mahabubabad,2016-02-01,February,2016,2606.4
Mahabubabad,2016-03-01,March,2016,3909.6000000000004
Mahabubabad,2016-04-01,April,2016,5212.8
Mahabubabad,2016-05-01,May,2016,6516.0
Mahabubabad,2016-06-01,June,2016,7819.200000000001
Mahabubabad,2016-07-01,July,2016,9122.4
Mahabubabad,2016-08-01,August,2016,10425.6
Mahabubabad,2016-09-01,September,2016,11728.800000000001
Mahabubabad,2016-10-01,October,2016,13032.0
Mahabubabad,2016-11-01,November,2016,114015.0
Mahabubabad,2016-12-01,December,2016,12955.0
Mahbubnagar,2016-01-01,January,2016,577071.0
Mahbubnagar,2016-02-01,February,2016,1312068.0
Mahbubnagar,2016-03-01,March,2016,1731983.0
Mahbubnagar,2016-04-01,April,2016,622432.0
Mahbubnagar,2016-05-01,May,2016,571898.0
Mahbubnagar,2016-06-01,June,2016,561006.0
Mahbubnagar,2016-07-01,July,2016,562322.0
Mahbubnagar,2016-08-01,August,2016,1133105.0
Mahbubnagar,2016-09-01,September,2016,567712.0
Mahbubnagar,2016-10-01,October,2016,198592.0
Mahbubnagar,2016-11-01,November,2016,256375.0
Mahbubnagar,2016-12-01,December,2016,210202.0
Mancherial,2016-01-01,January,2016,189494.2
Mancherial,2016-02-01,February,2016,168786.4
Mancherial,2016-03-01,March,2016,148078.6
Mancherial,2016-04-01,April,2016,127370.8
Mancherial,2016-05-01,May,2016,106663.0
Mancherial,2016-06-01,June,2016,85955.20000000001
Mancherial,2016-07-01,July,2016,65247.399999999994
Mancherial,2016-08-01,August,2016,44539.600000000006
Mancherial,2016-09-01,September,2016,23831.800000000017
Mancherial,2016-10-01,October,2016,3124.0
Mancherial,2016-11-01,November,2016,2255.0
Mancherial,2016-12-01,December,2016,2423.0
Medak,2016-01-01,January,2016,92600.0
Medak,2016-02-01,February,2016,215000.0
Medak,2016-03-01,March,2016,1318000.0
Medak,2016-04-01,April,2016,300000.0
Medak,2016-05-01,May,2016,198000.0
Medak,2016-06-01,June,2016,166700.0
Medak,2016-07-01,July,2016,153300.0
Medak,2016-08-01,August,2016,216100.0
Medak,2016-09-01,September,2016,132600.0
Medak,2016-10-01,October,2016,15600.0
Medak,2016-11-01,November,2016,132300.0
Medak,2016-12-01,December,2016,523000.0
Medchal,2016-01-01,January,2016,508365.9090909091
Medchal,2016-02-01,February,2016,493731.8181818182
Medchal,2016-03-01,March,2016,479097.7272727273
Medchal,2016-04-01,April,2016,464463.63636363635
Medchal,2016-05-01,May,2016,449829.54545454547
Medchal,2016-06-01,June,2016,435195.45454545453
Medchal,2016-07-01,July,2016,420561.36363636365
Medchal,2016-08-01,August,2016,405927.2727272727
Medchal,2016-09-01,September,2016,391293.1818181818
Medchal,2016-10-01,October,2016,376659.09090909094
Medchal,2016-11-01,November,2016,362025.0
Medchal,2016-12-01,December,2016,347390.90909090906
Nagarkurnool,2016-01-01,January,2016,332756.8181818182
Nagarkurnool,2016-02-01,February,2016,318122.7272727273
Nagarkurnool,2016-03-01,March,2016,303488.63636363635
Nagarkurnool,2016-04-01,April,2016,288854.5454545454
Nagarkurnool,2016-05-01,May,2016,274220.45454545453
Nagarkurnool,2016-06-01,June,2016,259586.36363636365
Nagarkurnool,2016-07-01,July,2016,244952.2727272727
Nagarkurnool,2016-08-01,August,2016,230318.18181818182
Nagarkurnool,2016-09-01,September,2016,215684.09090909088
Nagarkurnool,2016-10-01,October,2016,201050.0
Nagarkurnool,2016-11-01,November,2016,188786.0
Nagarkurnool,2016-12-01,December,2016,198637.0
Nalgonda,2016-01-01,January,2016,566515.0
Nalgonda,2016-02-01,February,2016,539467.0
Nalgonda,2016-03-01,March,2016,619462.0
Nalgonda,2016-04-01,April,2016,601253.0
Nalgonda,2016-05-01,May,2016,628872.0
Nalgonda,2016-06-01,June,2016,551239.0
Nalgonda,2016-07-01,July,2016,582820.0
Nalgonda,2016-08-01,August,2016,988102.0
Nalgonda,2016-09-01,September,2016,742402.0
Nalgonda,2016-10-01,October,2016,3508.0
Nalgonda,2016-11-01,November,2016,21046.0
Nalgonda,2016-12-01,December,2016,13775.0
Nirmal,2016-01-01,January,2016,59993.0
Nirmal,2016-02-01,February,2016,106211.0
Nirmal,2016-03-01,March,2016,152429.0
Nirmal,2016-04-01,April,2016,198647.0
Nirmal,2016-05-01,May,2016,244865.0
Nirmal,2016-06-01,June,2016,291083.0
Nirmal,2016-07-01,July,2016,337301.0
Nirmal,2016-08-01,August,2016,383519.0
Nirmal,2016-09-01,September,2016,429737.0
Nirmal,2016-10-01,October,2016,475955.0
Nirmal,2016-11-01,November,2016,201388.0
Nirmal,2016-12-01,December,2016,239267.0
Nizamabad,2016-01-01,January,2016,576.0
Nizamabad,2016-02-01,February,2016,869.0
Nizamabad,2016-03-01,March,2016,408.0
Nizamabad,2016-04-01,April,2016,476.0
Nizamabad,2016-05-01,May,2016,554.0
Nizamabad,2016-06-01,June,2016,367.0
Nizamabad,2016-07-01,July,2016,644.0
Nizamabad,2016-08-01,August,2016,589.0
Nizamabad,2016-09-01,September,2016,553.0
Nizamabad,2016-10-01,October,2016,434.0
Nizamabad,2016-11-01,November,2016,617.0
Nizamabad,2016-12-01,December,2016,355.0
Peddapalli,2016-01-01,January,2016,414.5
Peddapalli,2016-02-01,February,2016,474.0
Peddapalli,2016-03-01,March,2016,533.5
Peddapalli,2016-04-01,April,2016,593.0
Peddapalli,2016-05-01,May,2016,652.5
Peddapalli,2016-06-01,June,2016,712.0
Peddapalli,2016-07-01,July,2016,771.5
Peddapalli,2016-08-01,August,2016,831.0
Peddapalli,2016-09-01,September,2016,890.5
Peddapalli,2016-10-01,October,2016,950.0
Peddapalli,2016-11-01,November,2016,1145.0
Peddapalli,2016-12-01,December,2016,1149.0
Rajanna Sircilla,2016-01-01,January,2016,54482.5
Rajanna Sircilla,2016-02-01,February,2016,107816.0
Rajanna Sircilla,2016-03-01,March,2016,161149.5
Rajanna Sircilla,2016-04-01,April,2016,214483.0
Rajanna Sircilla,2016-05-01,May,2016,267816.5
Rajanna Sircilla,2016-06-01,June,2016,321150.0
Rajanna Sircilla,2016-07-01,July,2016,374483.5
Rajanna Sircilla,2016-08-01,August,2016,427817.0
Rajanna Sircilla,2016-09-01,September,2016,481150.5
Rajanna Sircilla,2016-10-01,October,2016,534484.0
Rajanna Sircilla,2016-11-01,November,2016,864077.0
Rajanna Sircilla,2016-12-01,December,2016,778240.0
Ranga Reddy,2016-01-01,January,2016,755320.0
Ranga Reddy,2016-02-01,February,2016,732400.0
Ranga Reddy,2016-03-01,March,2016,709480.0
Ranga Reddy,2016-04-01,April,2016,686560.0
Ranga Reddy,2016-05-01,May,2016,663640.0
Ranga Reddy,2016-06-01,June,2016,640720.0
Ranga Reddy,2016-07-01,July,2016,617800.0
Ranga Reddy,2016-08-01,August,2016,594880.0
Ranga Reddy,2016-09-01,September,2016,571960.0
Ranga Reddy,2016-10-01,October,2016,549040.0
Ranga Reddy,2016-11-01,November,2016,526120.0
Ranga Reddy,2016-12-01,December,2016,503200.0
Sangareddy,2016-01-01,January,2016,480280.0
Sangareddy,2016-02-01,February,2016,457360.0
Sangareddy,2016-03-01,March,2016,434440.0
Sangareddy,2016-04-01,April,2016,411520.0
Sangareddy,2016-05-01,May,2016,388600.0
Sangareddy,2016-06-01,June,2016,365680.0
Sangareddy,2016-07-01,July,2016,342760.0
Sangareddy,2016-08-01,August,2016,319840.0
Sangareddy,2016-09-01,September,2016,296920.0
Sangareddy,2016-10-01,October,2016,274000.0
Sangareddy,2016-11-01,November,2016,349000.0
Sangareddy,2016-12-01,December,2016,155000.0
Siddipet,2016-01-01,January,2016,151850.0
Siddipet,2016-02-01,February,2016,148700.0
Siddipet,2016-03-01,March,2016,145550.0
Siddipet,2016-04-01,April,2016,142400.0
Siddipet,2016-05-01,May,2016,139250.0
Siddipet,2016-06-01,June,2016,136100.0
Siddipet,2016-07-01,July,2016,132950.0
Siddipet,2016-08-01,August,2016,129800.0
Siddipet,2016-09-01,September,2016,126650.0
Siddipet,2016-10-01,October,2016,123500.0
Siddipet,2016-11-01,November,2016,154400.0
Siddipet,2016-12-01,December,2016,80500.0
Suryapet,2016-01-01,January,2016,72450.0
Suryapet,2016-02-01,February,2016,64400.0
Suryapet,2016-03-01,March,2016,56350.0
Suryapet,2016-04-01,April,2016,48300.0
Suryapet,2016-05-01,May,2016,40250.0
Suryapet,2016-06-01,June,2016,32200.0
Suryapet,2016-07-01,July,2016,24150.0
Suryapet,2016-08-01,August,2016,16100.0
Suryapet,2016-09-01,September,2016,8050.0
Suryapet,2016-10-01,October,2016,0.0
Suryapet,2016-11-01,November,2016,0.0
Suryapet,2016-12-01,December,2016,0.0
Vikarabad,2016-01-01,January,2016,965.1818181818181
Vikarabad,2016-02-01,February,2016,1930.3636363636363
Vikarabad,2016-03-01,March,2016,2895.5454545454545
Vikarabad,2016-04-01,April,2016,3860.7272727272725
Vikarabad,2016-05-01,May,2016,4825.909090909091
Vikarabad,2016-06-01,June,2016,5791.090909090909
Vikarabad,2016-07-01,July,2016,6756.272727272727
Vikarabad,2016-08-01,August,2016,7721.454545454545
Vikarabad,2016-09-01,September,2016,8686.636363636364
Vikarabad,2016-10-01,October,2016,9651.818181818182
Vikarabad,2016-11-01,November,2016,10617.0
Vikarabad,2016-12-01,December,2016,11582.181818181818
Wanaparthy,2016-01-01,January,2016,12547.363636363636
Wanaparthy,2016-02-01,February,2016,13512.545454545454
Wanaparthy,2016-03-01,March,2016,14477.727272727272
Wanaparthy,2016-04-01,April,2016,15442.90909090909
Wanaparthy,2016-05-01,May,2016,16408.090909090908
Wanaparthy,2016-06-01,June,2016,17373.272727272728
Wanaparthy,2016-07-01,July,2016,18338.454545454544
Wanaparthy,2016-08-01,August,2016,19303.636363636364
Wanaparthy,2016-09-01,September,2016,20268.81818181818
Wanaparthy,2016-10-01,October,2016,21234.0
Wanaparthy,2016-11-01,November,2016,18348.0
Wanaparthy,2016-12-01,December,2016,20556.0
Warangal (Rural),2016-01-01,January,2016,19320.4
Warangal (Rural),2016-02-01,February,2016,18084.8
Warangal (Rural),2016-03-01,March,2016,16849.2
Warangal (Rural),2016-04-01,April,2016,15613.6
Warangal (Rural),2016-05-01,May,2016,14378.0
Warangal (Rural),2016-06-01,June,2016,13142.400000000001
Warangal (Rural),2016-07-01,July,2016,11906.800000000001
Warangal (Rural),2016-08-01,August,2016,10671.2
Warangal (Rural),2016-09-01,September,2016,9435.6
Warangal (Rural),2016-10-01,October,2016,8200.0
Warangal (Rural),2016-11-01,November,2016,6050.0
Warangal (Rural),2016-12-01,December,2016,5150.0
Warangal (Urban),2016-01-01,January,2016,1985815.0
Warangal (Urban),2016-02-01,February,2016,20703778.0
Warangal (Urban),2016-03-01,March,2016,568397.0
Warangal (Urban),2016-04-01,April,2016,317643.0
Warangal (Urban),2016-05-01,May,2016,373788.0
Warangal (Urban),2016-06-01,June,2016,365332.0
Warangal (Urban),2016-07-01,July,2016,340320.0
Warangal (Urban),2016-08-01,August,2016,368755.0
Warangal (Urban),2016-09-01,September,2016,379210.0
Warangal (Urban),2016-10-01,October,2016,128247.0
Warangal (Urban),2016-11-01,November,2016,129250.0
Warangal (Urban),2016-12-01,December,2016,127500.0
Yadadri Bhongir,2016-01-01,January,2016,173230.0
Yadadri Bhongir,2016-02-01,February,2016,218960.0
Yadadri Bhongir,2016-03-01,March,2016,264690.0
Yadadri Bhongir,2016-04-01,April,2016,310420.0
Yadadri Bhongir,2016-05-01,May,2016,356150.0
Yadadri Bhongir,2016-06-01,June,2016,401880.0
Yadadri Bhongir,2016-07-01,July,2016,447610.0
Yadadri Bhongir,2016-08-01,August,2016,493340.0
Yadadri Bhongir,2016-09-01,September,2016,539070.0
Yadadri Bhongir,2016-10-01,October,2016,584800.0
Yadadri Bhongir,2016-11-01,November,2016,681000.0
Yadadri Bhongir,2016-12-01,December,2016,462800.0
Adilabad,2017-01-01,January,2017,318799.0
Adilabad,2017-02-01,February,2017,83316.0
Adilabad,2017-03-01,March,2017,27508.0
Adilabad,2017-04-01,April,2017,13946.0
Adilabad,2017-05-01,May,2017,11752.0
Adilabad,2017-06-01,June,2017,26859.0
Adilabad,2017-07-01,July,2017,52386.0
Adilabad,2017-08-01,August,2017,34876.0
Adilabad,2017-09-01,September,2017,42699.0
Adilabad,2017-10-01,October,2017,41666.0
Adilabad,2017-11-01,November,2017,117322.0
Adilabad,2017-12-01,December,2017,54251.0
Bhadradri Kothagudem,2017-01-01,January,2017,302315.0
Bhadradri Kothagudem,2017-02-01,February,2017,251359.0
Bhadradri Kothagudem,2017-03-01,March,2017,243943.0
Bhadradri Kothagudem,2017-04-01,April,2017,667459.0
Bhadradri Kothagudem,2017-05-01,May,2017,311626.0
Bhadradri Kothagudem,2017-06-01,June,2017,351742.0
Bhadradri Kothagudem,2017-07-01,July,2017,258114.0
Bhadradri Kothagudem,2017-08-01,August,2017,316438.0
Bhadradri Kothagudem,2017-09-01,September,2017,381784.0
Bhadradri Kothagudem,2017-10-01,October,2017,334504.0
Bhadradri Kothagudem,2017-11-01,November,2017,281515.0
Bhadradri Kothagudem,2017-12-01,December,2017,393518.0
Hyderabad,2017-01-01,January,2017,1924695.0
Hyderabad,2017-02-01,February,2017,1886698.0
Hyderabad,2017-03-01,March,2017,1783903.0
Hyderabad,2017-04-01,April,2017,2366793.0
Hyderabad,2017-05-01,May,2017,2266793.0
Hyderabad,2017-06-01,June,2017,2007060.0
Hyderabad,2017-07-01,July,2017,1890870.0
Hyderabad,2017-08-01,August,2017,1976980.0
Hyderabad,2017-09-01,September,2017,2011280.0
Hyderabad,2017-10-01,October,2017,2202316.0
Hyderabad,2017-11-01,November,2017,1971438.0
Hyderabad,2017-12-01,December,2017,4871416.0
Jagtial,2017-01-01,January,2017,174477.0
Jagtial,2017-02-01,February,2017,159659.0
Jagtial,2017-03-01,March,2017,323658.0
Jagtial,2017-04-01,April,2017,330540.0
Jagtial,2017-05-01,May,2017,468038.0
Jagtial,2017-06-01,June,2017,418103.0
Jagtial,2017-07-01,July,2017,247254.0
Jagtial,2017-08-01,August,2017,386458.0
Jagtial,2017-09-01,September,2017,143102.0
Jagtial,2017-10-01,October,2017,248504.0
Jagtial,2017-11-01,November,2017,348042.0
Jagtial,2017-12-01,December,2017,393566.0
Jangaon,2017-01-01,January,2017,12280.0
Jangaon,2017-02-01,February,2017,12610.0
Jangaon,2017-03-01,March,2017,8450.0
Jangaon,2017-04-01,April,2017,9788.0
Jangaon,2017-05-01,May,2017,12130.0
Jangaon,2017-06-01,June,2017,13750.0
Jangaon,2017-07-01,July,2017,16050.0
Jangaon,2017-08-01,August,2017,15680.0
Jangaon,2017-09-01,September,2017,15600.0
Jangaon,2017-10-01,October,2017,16130.0
Jangaon,2017-11-01,November,2017,16360.0
Jangaon,2017-12-01,December,2017,16880.0
Jayashankar Bhoopalpally,2017-01-01,January,2017,96560.0
Jayashankar Bhoopalpally,2017-02-01,February,2017,96850.0
Jayashankar Bhoopalpally,2017-03-01,March,2017,81400.0
Jayashankar Bhoopalpally,2017-04-01,April,2017,90700.0
Jayashankar Bhoopalpally,2017-05-01,May,2017,91150.0
Jayashankar Bhoopalpally,2017-06-01,June,2017,93650.0
Jayashankar Bhoopalpally,2017-07-01,July,2017,94700.0
Jayashankar Bhoopalpally,2017-08-01,August,2017,118350.0
Jayashankar Bhoopalpally,2017-09-01,September,2017,112600.0
Jayashankar Bhoopalpally,2017-10-01,October,2017,115250.0
Jayashankar Bhoopalpally,2017-11-01,November,2017,116800.0
Jayashankar Bhoopalpally,2017-12-01,December,2017,723000.0
Jogulamba Gadwal,2017-01-01,January,2017,214887.0
Jogulamba Gadwal,2017-02-01,February,2017,481110.0
Jogulamba Gadwal,2017-03-01,March,2017,155013.0
Jogulamba Gadwal,2017-04-01,April,2017,131426.0
Jogulamba Gadwal,2017-05-01,May,2017,131426.0
Jogulamba Gadwal,2017-06-01,June,2017,160182.0
Jogulamba Gadwal,2017-07-01,July,2017,160182.0
Jogulamba Gadwal,2017-08-01,August,2017,131485.0
Jogulamba Gadwal,2017-09-01,September,2017,123733.0
Jogulamba Gadwal,2017-10-01,October,2017,152898.0
Jogulamba Gadwal,2017-11-01,November,2017,188170.0
Jogulamba Gadwal,2017-12-01,December,2017,214887.0
Kamareddy,2017-01-01,January,2017,58.0
Kamareddy,2017-02-01,February,2017,50.0
Kamareddy,2017-03-01,March,2017,41.0
Kamareddy,2017-04-01,April,2017,46.0
Kamareddy,2017-05-01,May,2017,60.0
Kamareddy,2017-06-01,June,2017,41.0
Kamareddy,2017-07-01,July,2017,41.0
Kamareddy,2017-08-01,August,2017,40.0
Kamareddy,2017-09-01,September,2017,41.0
Kamareddy,2017-10-01,October,2017,38.0
Kamareddy,2017-11-01,November,2017,43.0
Kamareddy,2017-12-01,December,2017,41.0
Karimnagar,2017-01-01,January,2017,14425.0
Karimnagar,2017-02-01,February,2017,10845.0
Karimnagar,2017-03-01,March,2017,9625.0
Karimnagar,2017-04-01,April,2017,8630.0
Karimnagar,2017-05-01,May,2017,8890.0
Karimnagar,2017-06-01,June,2017,10542.0
Karimnagar,2017-07-01,July,2017,12350.0
Karimnagar,2017-08-01,August,2017,10952.0
Karimnagar,2017-09-01,September,2017,7576.0
Karimnagar,2017-10-01,October,2017,8371.0
Karimnagar,2017-11-01,November,2017,8705.0
Karimnagar,2017-12-01,December,2017,13065.0
Khammam,2017-01-01,January,2017,132528.0
Khammam,2017-02-01,February,2017,115470.0
Khammam,2017-03-01,March,2017,101878.0
Khammam,2017-04-01,April,2017,135920.0
Khammam,2017-05-01,May,2017,138799.0
Khammam,2017-06-01,June,2017,138158.0
Khammam,2017-07-01,July,2017,105102.0
Khammam,2017-08-01,August,2017,129159.0
Khammam,2017-09-01,September,2017,140821.0
Khammam,2017-10-01,October,2017,155943.0
Khammam,2017-11-01,November,2017,110800.0
Khammam,2017-12-01,December,2017,137825.0
Komaram Bheem Asifabad,2017-01-01,January,2017,2241.0
Komaram Bheem Asifabad,2017-02-01,February,2017,2490.0
Komaram Bheem Asifabad,2017-03-01,March,2017,2767.0
Komaram Bheem Asifabad,2017-04-01,April,2017,3074.0
Komaram Bheem Asifabad,2017-05-01,May,2017,3416.0
Komaram Bheem Asifabad,2017-06-01,June,2017,3796.0
Komaram Bheem Asifabad,2017-07-01,July,2017,3713.0
Komaram Bheem Asifabad,2017-08-01,August,2017,3665.0
Komaram Bheem Asifabad,2017-09-01,September,2017,3934.0
Komaram Bheem Asifabad,2017-10-01,October,2017,14050.0
Komaram Bheem Asifabad,2017-11-01,November,2017,3627.0
Komaram Bheem Asifabad,2017-12-01,December,2017,4218.0
Mahabubabad,2017-01-01,January,2017,13260.0
Mahabubabad,2017-02-01,February,2017,13045.0
Mahabubabad,2017-03-01,March,2017,9100.0
Mahabubabad,2017-04-01,April,2017,9140.0
Mahabubabad,2017-05-01,May,2017,10220.0
Mahabubabad,2017-06-01,June,2017,10130.0
Mahabubabad,2017-07-01,July,2017,10170.0
Mahabubabad,2017-08-01,August,2017,12520.0
Mahabubabad,2017-09-01,September,2017,13140.0
Mahabubabad,2017-10-01,October,2017,13750.0
Mahabubabad,2017-11-01,November,2017,13560.0
Mahabubabad,2017-12-01,December,2017,13780.0
Mahbubnagar,2017-01-01,January,2017,446135.0
Mahbubnagar,2017-02-01,February,2017,805392.0
Mahbubnagar,2017-03-01,March,2017,178256.0
Mahbubnagar,2017-04-01,April,2017,208694.0
Mahbubnagar,2017-05-01,May,2017,214209.0
Mahbubnagar,2017-06-01,June,2017,179210.0
Mahbubnagar,2017-07-01,July,2017,179099.0
Mahbubnagar,2017-08-01,August,2017,215229.0
Mahbubnagar,2017-09-01,September,2017,180675.0
Mahbubnagar,2017-10-01,October,2017,196103.0
Mahbubnagar,2017-11-01,November,2017,259060.0
Mahbubnagar,2017-12-01,December,2017,426167.0
Mancherial,2017-01-01,January,2017,2937.0
Mancherial,2017-02-01,February,2017,3130.0
Mancherial,2017-03-01,March,2017,2775.0
Mancherial,2017-04-01,April,2017,1513.0
Mancherial,2017-05-01,May,2017,1424.0
Mancherial,2017-06-01,June,2017,2119.0
Mancherial,2017-07-01,July,2017,33591.0
Mancherial,2017-08-01,August,2017,26104.0
Mancherial,2017-09-01,September,2017,24297.0
Mancherial,2017-10-01,October,2017,37671.0
Mancherial,2017-11-01,November,2017,25737.0
Mancherial,2017-12-01,December,2017,30328.0
Medak,2017-01-01,January,2017,523000.0
Medak,2017-02-01,February,2017,543321.0
Medak,2017-03-01,March,2017,548535.0
Medak,2017-04-01,April,2017,554864.0
Medak,2017-05-01,May,2017,556891.0
Medak,2017-06-01,June,2017,561469.0
Medak,2017-07-01,July,2017,575300.0
Medak,2017-08-01,August,2017,632830.0
Medak,2017-09-01,September,2017,696113.0
Medak,2017-10-01,October,2017,765724.0
Medak,2017-11-01,November,2017,842296.0
Medak,2017-12-01,December,2017,926526.0
Medchal,2017-01-01,January,2017,884707.0
Medchal,2017-02-01,February,2017,842888.0
Medchal,2017-03-01,March,2017,801069.0
Medchal,2017-04-01,April,2017,759250.0
Medchal,2017-05-01,May,2017,717431.0
Medchal,2017-06-01,June,2017,675612.0
Medchal,2017-07-01,July,2017,633793.0
Medchal,2017-08-01,August,2017,591974.0
Medchal,2017-09-01,September,2017,550155.0
Medchal,2017-10-01,October,2017,508336.0
Medchal,2017-11-01,November,2017,466517.0
Medchal,2017-12-01,December,2017,424698.0
Nagarkurnool,2017-01-01,January,2017,382879.0
Nagarkurnool,2017-02-01,February,2017,286258.0
Nagarkurnool,2017-03-01,March,2017,184508.0
Nagarkurnool,2017-04-01,April,2017,183697.0
Nagarkurnool,2017-05-01,May,2017,183697.0
Nagarkurnool,2017-06-01,June,2017,180010.0
Nagarkurnool,2017-07-01,July,2017,180010.0
Nagarkurnool,2017-08-01,August,2017,181861.0
Nagarkurnool,2017-09-01,September,2017,118010.0
Nagarkurnool,2017-10-01,October,2017,201050.0
Nagarkurnool,2017-11-01,November,2017,188786.0
Nagarkurnool,2017-12-01,December,2017,382879.0
Nalgonda,2017-01-01,January,2017,4447.0
Nalgonda,2017-02-01,February,2017,8652.0
Nalgonda,2017-03-01,March,2017,8054.0
Nalgonda,2017-04-01,April,2017,44295.0
Nalgonda,2017-05-01,May,2017,10750.0
Nalgonda,2017-06-01,June,2017,37879.0
Nalgonda,2017-07-01,July,2017,21361.0
Nalgonda,2017-08-01,August,2017,9363.0
Nalgonda,2017-09-01,September,2017,17465.0
Nalgonda,2017-10-01,October,2017,36066.0
Nalgonda,2017-11-01,November,2017,17687.0
Nalgonda,2017-12-01,December,2017,25897.0
Nirmal,2017-01-01,January,2017,340311.0
Nirmal,2017-02-01,February,2017,415326.0
Nirmal,2017-03-01,March,2017,442057.0
Nirmal,2017-04-01,April,2017,274132.0
Nirmal,2017-05-01,May,2017,297233.0
Nirmal,2017-06-01,June,2017,340359.0
Nirmal,2017-07-01,July,2017,328101.0
Nirmal,2017-08-01,August,2017,340430.0
Nirmal,2017-09-01,September,2017,528540.0
Nirmal,2017-10-01,October,2017,388644.0
Nirmal,2017-11-01,November,2017,369365.0
Nirmal,2017-12-01,December,2017,340585.0
Nizamabad,2017-01-01,January,2017,613.0
Nizamabad,2017-02-01,February,2017,1752.0
Nizamabad,2017-03-01,March,2017,660.0
Nizamabad,2017-04-01,April,2017,1048.0
Nizamabad,2017-05-01,May,2017,1341.0
Nizamabad,2017-06-01,June,2017,2391.0
Nizamabad,2017-07-01,July,2017,1520.0
Nizamabad,2017-08-01,August,2017,1583.0
Nizamabad,2017-09-01,September,2017,933.0
Nizamabad,2017-10-01,October,2017,6644.0
Nizamabad,2017-11-01,November,2017,1677.0
Nizamabad,2017-12-01,December,2017,1787.0
Peddapalli,2017-01-01,January,2017,1345.0
Peddapalli,2017-02-01,February,2017,1378.0
Peddapalli,2017-03-01,March,2017,965.0
Peddapalli,2017-04-01,April,2017,750.0
Peddapalli,2017-05-01,May,2017,640.0
Peddapalli,2017-06-01,June,2017,885.0
Peddapalli,2017-07-01,July,2017,1095.0
Peddapalli,2017-08-01,August,2017,1385.0
Peddapalli,2017-09-01,September,2017,1155.0
Peddapalli,2017-10-01,October,2017,1595.0
Peddapalli,2017-11-01,November,2017,1940.0
Peddapalli,2017-12-01,December,2017,1765.0
Rajanna Sircilla,2017-01-01,January,2017,615842.0
Rajanna Sircilla,2017-02-01,February,2017,1255569.0
Rajanna Sircilla,2017-03-01,March,2017,1030441.0
Rajanna Sircilla,2017-04-01,April,2017,1146782.0
Rajanna Sircilla,2017-05-01,May,2017,1117228.0
Rajanna Sircilla,2017-06-01,June,2017,1113882.0
Rajanna Sircilla,2017-07-01,July,2017,462022.0
Rajanna Sircilla,2017-08-01,August,2017,1004410.0
Rajanna Sircilla,2017-09-01,September,2017,487060.0
Rajanna Sircilla,2017-10-01,October,2017,845620.0
Rajanna Sircilla,2017-11-01,November,2017,1191129.0
Rajanna Sircilla,2017-12-01,December,2017,1649362.0
Ranga Reddy,2017-01-01,January,2017,1537488.0
Ranga Reddy,2017-02-01,February,2017,1425614.0
Ranga Reddy,2017-03-01,March,2017,1313740.0
Ranga Reddy,2017-04-01,April,2017,1201866.0
Ranga Reddy,2017-05-01,May,2017,1089992.0
Ranga Reddy,2017-06-01,June,2017,978118.0
Ranga Reddy,2017-07-01,July,2017,866244.0
Ranga Reddy,2017-08-01,August,2017,754370.0
Ranga Reddy,2017-09-01,September,2017,642496.0
Ranga Reddy,2017-10-01,October,2017,530622.0
Ranga Reddy,2017-11-01,November,2017,418748.0
Ranga Reddy,2017-12-01,December,2017,306874.0
Sangareddy,2017-01-01,January,2017,195000.0
Sangareddy,2017-02-01,February,2017,140000.0
Sangareddy,2017-03-01,March,2017,275000.0
Sangareddy,2017-04-01,April,2017,215000.0
Sangareddy,2017-05-01,May,2017,215000.0
Sangareddy,2017-06-01,June,2017,180000.0
Sangareddy,2017-07-01,July,2017,195000.0
Sangareddy,2017-08-01,August,2017,295000.0
Sangareddy,2017-09-01,September,2017,200000.0
Sangareddy,2017-10-01,October,2017,232000.0
Sangareddy,2017-11-01,November,2017,324500.0
Sangareddy,2017-12-01,December,2017,356950.0
Siddipet,2017-01-01,January,2017,80500.0
Siddipet,2017-02-01,February,2017,80500.0
Siddipet,2017-03-01,March,2017,80500.0
Siddipet,2017-04-01,April,2017,80500.0
Siddipet,2017-05-01,May,2017,80500.0
Siddipet,2017-06-01,June,2017,60000.0
Siddipet,2017-07-01,July,2017,88550.0
Siddipet,2017-08-01,August,2017,97405.0
Siddipet,2017-09-01,September,2017,107146.0
Siddipet,2017-10-01,October,2017,117861.0
Siddipet,2017-11-01,November,2017,129647.0
Siddipet,2017-12-01,December,2017,142612.0
Suryapet,2017-01-01,January,2017,0.0
Suryapet,2017-02-01,February,2017,0.0
Suryapet,2017-03-01,March,2017,0.0
Suryapet,2017-04-01,April,2017,0.0
Suryapet,2017-05-01,May,2017,0.0
Suryapet,2017-06-01,June,2017,0.0
Suryapet,2017-07-01,July,2017,0.0
Suryapet,2017-08-01,August,2017,0.0
Suryapet,2017-09-01,September,2017,0.0
Suryapet,2017-10-01,October,2017,0.0
Suryapet,2017-11-01,November,2017,0.0
Suryapet,2017-12-01,December,2017,0.0
Vikarabad,2017-01-01,January,2017,1704.0
Vikarabad,2017-02-01,February,2017,3408.0
Vikarabad,2017-03-01,March,2017,5112.0
Vikarabad,2017-04-01,April,2017,6816.0
Vikarabad,2017-05-01,May,2017,8520.0
Vikarabad,2017-06-01,June,2017,10224.0
Vikarabad,2017-07-01,July,2017,11928.0
Vikarabad,2017-08-01,August,2017,13632.0
Vikarabad,2017-09-01,September,2017,15336.0
Vikarabad,2017-10-01,October,2017,17040.0
Vikarabad,2017-11-01,November,2017,18744.0
Vikarabad,2017-12-01,December,2017,20448.0
Wanaparthy,2017-01-01,January,2017,22152.0
Wanaparthy,2017-02-01,February,2017,22342.0
Wanaparthy,2017-03-01,March,2017,20050.0
Wanaparthy,2017-04-01,April,2017,11502.0
Wanaparthy,2017-05-01,May,2017,11502.0
Wanaparthy,2017-06-01,June,2017,19092.0
Wanaparthy,2017-07-01,July,2017,19092.0
Wanaparthy,2017-08-01,August,2017,21375.0
Wanaparthy,2017-09-01,September,2017,35860.0
Wanaparthy,2017-10-01,October,2017,21234.0
Wanaparthy,2017-11-01,November,2017,18348.0
Wanaparthy,2017-12-01,December,2017,22152.0
Warangal (Rural),2017-01-01,January,2017,8000.0
Warangal (Rural),2017-02-01,February,2017,8300.0
Warangal (Rural),2017-03-01,March,2017,7800.0
Warangal (Rural),2017-04-01,April,2017,7600.0
Warangal (Rural),2017-05-01,May,2017,8500.0
Warangal (Rural),2017-06-01,June,2017,9000.0
Warangal (Rural),2017-07-01,July,2017,13600.0
Warangal (Rural),2017-08-01,August,2017,13650.0
Warangal (Rural),2017-09-01,September,2017,13800.0
Warangal (Rural),2017-10-01,October,2017,16500.0
Warangal (Rural),2017-11-01,November,2017,16300.0
Warangal (Rural),2017-12-01,December,2017,21200.0
Warangal (Urban),2017-01-01,January,2017,130608.0
Warangal (Urban),2017-02-01,February,2017,126608.0
Warangal (Urban),2017-03-01,March,2017,118298.0
Warangal (Urban),2017-04-01,April,2017,107133.0
Warangal (Urban),2017-05-01,May,2017,109915.0
Warangal (Urban),2017-06-01,June,2017,111530.0
Warangal (Urban),2017-07-01,July,2017,116545.0
Warangal (Urban),2017-08-01,August,2017,116810.0
Warangal (Urban),2017-09-01,September,2017,117150.0
Warangal (Urban),2017-10-01,October,2017,119255.0
Warangal (Urban),2017-11-01,November,2017,119360.0
Warangal (Urban),2017-12-01,December,2017,126790.0
Yadadri Bhongir,2017-01-01,January,2017,678000.0
Yadadri Bhongir,2017-02-01,February,2017,540500.0
Yadadri Bhongir,2017-03-01,March,2017,525588.0
Yadadri Bhongir,2017-04-01,April,2017,570000.0
Yadadri Bhongir,2017-05-01,May,2017,458700.0
Yadadri Bhongir,2017-06-01,June,2017,685880.0
Yadadri Bhongir,2017-07-01,July,2017,481240.0
Yadadri Bhongir,2017-08-01,August,2017,680720.0
Yadadri Bhongir,2017-09-01,September,2017,678925.0
Yadadri Bhongir,2017-10-01,October,2017,683500.0
Yadadri Bhongir,2017-11-01,November,2017,537600.0
Yadadri Bhongir,2017-12-01,December,2017,481075.0
Adilabad,2018-01-01,January,2018,320356.0
Adilabad,2018-02-01,February,2018,36550.0
Adilabad,2018-03-01,March,2018,23011.0
Adilabad,2018-04-01,April,2018,14183.0
Adilabad,2018-05-01,May,2018,8197.0
Adilabad,2018-06-01,June,2018,12052.0
Adilabad,2018-07-01,July,2018,24666.0
Adilabad,2018-08-01,August,2018,38939.0
Adilabad,2018-09-01,September,2018,25875.0
Adilabad,2018-10-01,October,2018,30257.0
Adilabad,2018-11-01,November,2018,49181.0
Adilabad,2018-12-01,December,2018,61476.0
Bhadradri Kothagudem,2018-01-01,January,2018,421275.0
Bhadradri Kothagudem,2018-02-01,February,2018,240634.0
Bhadradri Kothagudem,2018-03-01,March,2018,421275.0
Bhadradri Kothagudem,2018-04-01,April,2018,341258.0
Bhadradri Kothagudem,2018-05-01,May,2018,291273.0
Bhadradri Kothagudem,2018-06-01,June,2018,290512.0
Bhadradri Kothagudem,2018-07-01,July,2018,220304.0
Bhadradri Kothagudem,2018-08-01,August,2018,219548.0
Bhadradri Kothagudem,2018-09-01,September,2018,334878.0
Bhadradri Kothagudem,2018-10-01,October,2018,322974.0
Bhadradri Kothagudem,2018-11-01,November,2018,253464.0
Bhadradri Kothagudem,2018-12-01,December,2018,442483.0
Hyderabad,2018-01-01,January,2018,1978396.0
Hyderabad,2018-02-01,February,2018,1365837.0
Hyderabad,2018-03-01,March,2018,1415938.0
Hyderabad,2018-04-01,April,2018,1586375.0
Hyderabad,2018-05-01,May,2018,1189492.0
Hyderabad,2018-06-01,June,2018,1595067.0
Hyderabad,2018-07-01,July,2018,1470042.0
Hyderabad,2018-08-01,August,2018,1591470.0
Hyderabad,2018-09-01,September,2018,1508086.0
Hyderabad,2018-10-01,October,2018,2207478.0
Hyderabad,2018-11-01,November,2018,1671320.0
Hyderabad,2018-12-01,December,2018,1964150.0
Jagtial,2018-01-01,January,2018,614082.0
Jagtial,2018-02-01,February,2018,349576.0
Jagtial,2018-03-01,March,2018,416716.0
Jagtial,2018-04-01,April,2018,372874.0
Jagtial,2018-05-01,May,2018,641363.0
Jagtial,2018-06-01,June,2018,182505.0
Jagtial,2018-07-01,July,2018,182473.0
Jagtial,2018-08-01,August,2018,272685.0
Jagtial,2018-09-01,September,2018,273121.0
Jagtial,2018-10-01,October,2018,138206.0
Jagtial,2018-11-01,November,2018,277997.0
Jagtial,2018-12-01,December,2018,231323.0
Jangaon,2018-01-01,January,2018,17180.0
Jangaon,2018-02-01,February,2018,18600.0
Jangaon,2018-03-01,March,2018,17300.0
Jangaon,2018-04-01,April,2018,18100.0
Jangaon,2018-05-01,May,2018,19660.0
Jangaon,2018-06-01,June,2018,23050.0
Jangaon,2018-07-01,July,2018,26280.0
Jangaon,2018-08-01,August,2018,26020.0
Jangaon,2018-09-01,September,2018,28830.0
Jangaon,2018-10-01,October,2018,29470.0
Jangaon,2018-11-01,November,2018,29570.0
Jangaon,2018-12-01,December,2018,36962.0
Jayashankar Bhoopalpally,2018-01-01,January,2018,6519850.0
Jayashankar Bhoopalpally,2018-02-01,February,2018,8626250.0
Jayashankar Bhoopalpally,2018-03-01,March,2018,146150.0
Jayashankar Bhoopalpally,2018-04-01,April,2018,149150.0
Jayashankar Bhoopalpally,2018-05-01,May,2018,152050.0
Jayashankar Bhoopalpally,2018-06-01,June,2018,159400.0
Jayashankar Bhoopalpally,2018-07-01,July,2018,128550.0
Jayashankar Bhoopalpally,2018-08-01,August,2018,184700.0
Jayashankar Bhoopalpally,2018-09-01,September,2018,192300.0
Jayashankar Bhoopalpally,2018-10-01,October,2018,195400.0
Jayashankar Bhoopalpally,2018-11-01,November,2018,196500.0
Jayashankar Bhoopalpally,2018-12-01,December,2018,245625.0
Jogulamba Gadwal,2018-01-01,January,2018,146441.0
Jogulamba Gadwal,2018-02-01,February,2018,481110.0
Jogulamba Gadwal,2018-03-01,March,2018,155013.0
Jogulamba Gadwal,2018-04-01,April,2018,138673.0
Jogulamba Gadwal,2018-05-01,May,2018,131426.0
Jogulamba Gadwal,2018-06-01,June,2018,160182.0
Jogulamba Gadwal,2018-07-01,July,2018,114951.0
Jogulamba Gadwal,2018-08-01,August,2018,123733.0
Jogulamba Gadwal,2018-09-01,September,2018,121710.0
Jogulamba Gadwal,2018-10-01,October,2018,152898.0
Jogulamba Gadwal,2018-11-01,November,2018,128075.0
Jogulamba Gadwal,2018-12-01,December,2018,182333.0
Kamareddy,2018-01-01,January,2018,44.0
Kamareddy,2018-02-01,February,2018,44.0
Kamareddy,2018-03-01,March,2018,45.0
Kamareddy,2018-04-01,April,2018,45.0
Kamareddy,2018-05-01,May,2018,49.0
Kamareddy,2018-06-01,June,2018,56.0
Kamareddy,2018-07-01,July,2018,48.0
Kamareddy,2018-08-01,August,2018,55.0
Kamareddy,2018-09-01,September,2018,40.0
Kamareddy,2018-10-01,October,2018,62.0
Kamareddy,2018-11-01,November,2018,41.0
Kamareddy,2018-12-01,December,2018,43.0
Karimnagar,2018-01-01,January,2018,13505.0
Karimnagar,2018-02-01,February,2018,9330.0
Karimnagar,2018-03-01,March,2018,7205.0
Karimnagar,2018-04-01,April,2018,5830.0
Karimnagar,2018-05-01,May,2018,5689.0
Karimnagar,2018-06-01,June,2018,7180.0
Karimnagar,2018-07-01,July,2018,6686.0
Karimnagar,2018-08-01,August,2018,8480.0
Karimnagar,2018-09-01,September,2018,8480.0
Karimnagar,2018-10-01,October,2018,6118.0
Karimnagar,2018-11-01,November,2018,7145.0
Karimnagar,2018-12-01,December,2018,7800.0
Khammam,2018-01-01,January,2018,110094.0
Khammam,2018-02-01,February,2018,104444.0
Khammam,2018-03-01,March,2018,127152.0
Khammam,2018-04-01,April,2018,126553.0
Khammam,2018-05-01,May,2018,135189.0
Khammam,2018-06-01,June,2018,135988.0
Khammam,2018-07-01,July,2018,85932.0
Khammam,2018-08-01,August,2018,86309.0
Khammam,2018-09-01,September,2018,143465.0
Khammam,2018-10-01,October,2018,127645.0
Khammam,2018-11-01,November,2018,99070.0
Khammam,2018-12-01,December,2018,135600.0
Komaram Bheem Asifabad,2018-01-01,January,2018,2863.0
Komaram Bheem Asifabad,2018-02-01,February,2018,2736.0
Komaram Bheem Asifabad,2018-03-01,March,2018,1826.0
Komaram Bheem Asifabad,2018-04-01,April,2018,868.0
Komaram Bheem Asifabad,2018-05-01,May,2018,793.0
Komaram Bheem Asifabad,2018-06-01,June,2018,990.0
Komaram Bheem Asifabad,2018-07-01,July,2018,1954.0
Komaram Bheem Asifabad,2018-08-01,August,2018,2263.0
Komaram Bheem Asifabad,2018-09-01,September,2018,1819.0
Komaram Bheem Asifabad,2018-10-01,October,2018,2525.0
Komaram Bheem Asifabad,2018-11-01,November,2018,1741.0
Komaram Bheem Asifabad,2018-12-01,December,2018,2176.0
Mahabubabad,2018-01-01,January,2018,14000.0
Mahabubabad,2018-02-01,February,2018,14230.0
Mahabubabad,2018-03-01,March,2018,13110.0
Mahabubabad,2018-04-01,April,2018,12915.0
Mahabubabad,2018-05-01,May,2018,12865.0
Mahabubabad,2018-06-01,June,2018,13910.0
Mahabubabad,2018-07-01,July,2018,13970.0
Mahabubabad,2018-08-01,August,2018,13200.0
Mahabubabad,2018-09-01,September,2018,13420.0
Mahabubabad,2018-10-01,October,2018,13550.0
Mahabubabad,2018-11-01,November,2018,13700.0
Mahabubabad,2018-12-01,December,2018,17125.0
Mahbubnagar,2018-01-01,January,2018,156153.0
Mahbubnagar,2018-02-01,February,2018,788083.0
Mahbubnagar,2018-03-01,March,2018,166863.0
Mahbubnagar,2018-04-01,April,2018,196061.0
Mahbubnagar,2018-05-01,May,2018,193478.0
Mahbubnagar,2018-06-01,June,2018,165553.0
Mahbubnagar,2018-07-01,July,2018,161841.0
Mahbubnagar,2018-08-01,August,2018,169154.0
Mahbubnagar,2018-09-01,September,2018,167833.0
Mahbubnagar,2018-10-01,October,2018,193152.0
Mahbubnagar,2018-11-01,November,2018,295910.0
Mahbubnagar,2018-12-01,December,2018,198227.0
Mancherial,2018-01-01,January,2018,71955.0
Mancherial,2018-02-01,February,2018,38599.0
Mancherial,2018-03-01,March,2018,20749.0
Mancherial,2018-04-01,April,2018,38483.0
Mancherial,2018-05-01,May,2018,26179.0
Mancherial,2018-06-01,June,2018,31667.0
Mancherial,2018-07-01,July,2018,27937.0
Mancherial,2018-08-01,August,2018,31861.0
Mancherial,2018-09-01,September,2018,23141.0
Mancherial,2018-10-01,October,2018,30740.0
Mancherial,2018-11-01,November,2018,25197.0
Mancherial,2018-12-01,December,2018,31496.0
Medak,2018-01-01,January,2018,100000.0
Medak,2018-02-01,February,2018,1000000.0
Medak,2018-03-01,March,2018,600000.0
Medak,2018-04-01,April,2018,200000.0
Medak,2018-05-01,May,2018,300000.0
Medak,2018-06-01,June,2018,500000.0
Medak,2018-07-01,July,2018,150000.0
Medak,2018-08-01,August,2018,50000.0
Medak,2018-09-01,September,2018,100000.0
Medak,2018-10-01,October,2018,300000.0
Medak,2018-11-01,November,2018,200000.0
Medak,2018-12-01,December,2018,400000.0
Medchal,2018-01-01,January,2018,386831.6923076923
Medchal,2018-02-01,February,2018,373663.3846153846
Medchal,2018-03-01,March,2018,360495.07692307694
Medchal,2018-04-01,April,2018,347326.76923076925
Medchal,2018-05-01,May,2018,334158.46153846156
Medchal,2018-06-01,June,2018,320990.1538461539
Medchal,2018-07-01,July,2018,307821.8461538461
Medchal,2018-08-01,August,2018,294653.5384615385
Medchal,2018-09-01,September,2018,281485.23076923075
Medchal,2018-10-01,October,2018,268316.9230769231
Medchal,2018-11-01,November,2018,255148.6153846154
Medchal,2018-12-01,December,2018,241980.3076923077
Nagarkurnool,2018-01-01,January,2018,228812.0
Nagarkurnool,2018-02-01,February,2018,286258.0
Nagarkurnool,2018-03-01,March,2018,184508.0
Nagarkurnool,2018-04-01,April,2018,174592.0
Nagarkurnool,2018-05-01,May,2018,183697.0
Nagarkurnool,2018-06-01,June,2018,180010.0
Nagarkurnool,2018-07-01,July,2018,93450.0
Nagarkurnool,2018-08-01,August,2018,118010.0
Nagarkurnool,2018-09-01,September,2018,118449.0
Nagarkurnool,2018-10-01,October,2018,201050.0
Nagarkurnool,2018-11-01,November,2018,121452.0
Nagarkurnool,2018-12-01,December,2018,198637.0
Nalgonda,2018-01-01,January,2018,36205.0
Nalgonda,2018-02-01,February,2018,9971.0
Nalgonda,2018-03-01,March,2018,9677.0
Nalgonda,2018-04-01,April,2018,9779.0
Nalgonda,2018-05-01,May,2018,10241.0
Nalgonda,2018-06-01,June,2018,9066.0
Nalgonda,2018-07-01,July,2018,9668.0
Nalgonda,2018-08-01,August,2018,10135.0
Nalgonda,2018-09-01,September,2018,21365.0
Nalgonda,2018-10-01,October,2018,22332.0
Nalgonda,2018-11-01,November,2018,5422.0
Nalgonda,2018-12-01,December,2018,6777.0
Nirmal,2018-01-01,January,2018,480241.0
Nirmal,2018-02-01,February,2018,335447.0
Nirmal,2018-03-01,March,2018,328099.0
Nirmal,2018-04-01,April,2018,368645.0
Nirmal,2018-05-01,May,2018,342650.0
Nirmal,2018-06-01,June,2018,355197.0
Nirmal,2018-07-01,July,2018,335356.0
Nirmal,2018-08-01,August,2018,313910.0
Nirmal,2018-09-01,September,2018,293859.0
Nirmal,2018-10-01,October,2018,373291.0
Nirmal,2018-11-01,November,2018,289169.0
Nirmal,2018-12-01,December,2018,361461.0
Nizamabad,2018-01-01,January,2018,2495.0
Nizamabad,2018-02-01,February,2018,7152.0
Nizamabad,2018-03-01,March,2018,2903.0
Nizamabad,2018-04-01,April,2018,3550.0
Nizamabad,2018-05-01,May,2018,5360.0
Nizamabad,2018-06-01,June,2018,1761.0
Nizamabad,2018-07-01,July,2018,5882.0
Nizamabad,2018-08-01,August,2018,10525.0
Nizamabad,2018-09-01,September,2018,475.0
Nizamabad,2018-10-01,October,2018,490.0
Nizamabad,2018-11-01,November,2018,475.0
Nizamabad,2018-12-01,December,2018,355.0
Peddapalli,2018-01-01,January,2018,2670.0
Peddapalli,2018-02-01,February,2018,2695.0
Peddapalli,2018-03-01,March,2018,2325.0
Peddapalli,2018-04-01,April,2018,1940.0
Peddapalli,2018-05-01,May,2018,1499.0
Peddapalli,2018-06-01,June,2018,1580.0
Peddapalli,2018-07-01,July,2018,1580.0
Peddapalli,2018-08-01,August,2018,1595.0
Peddapalli,2018-09-01,September,2018,1475.0
Peddapalli,2018-10-01,October,2018,1545.0
Peddapalli,2018-11-01,November,2018,1655.0
Peddapalli,2018-12-01,December,2018,1695.0
Rajanna Sircilla,2018-01-01,January,2018,2238074.0
Rajanna Sircilla,2018-02-01,February,2018,1021787.0
Rajanna Sircilla,2018-03-01,March,2018,1022669.0
Rajanna Sircilla,2018-04-01,April,2018,833874.0
Rajanna Sircilla,2018-05-01,May,2018,1021952.0
Rajanna Sircilla,2018-06-01,June,2018,320886.0
Rajanna Sircilla,2018-07-01,July,2018,937720.0
Rajanna Sircilla,2018-08-01,August,2018,320952.0
Rajanna Sircilla,2018-09-01,September,2018,818693.0
Rajanna Sircilla,2018-10-01,October,2018,506563.0
Rajanna Sircilla,2018-11-01,November,2018,840933.0
Rajanna Sircilla,2018-12-01,December,2018,950128.0
Ranga Reddy,2018-01-01,January,2018,896579.6923076923
Ranga Reddy,2018-02-01,February,2018,843031.3846153846
Ranga Reddy,2018-03-01,March,2018,789483.0769230769
Ranga Reddy,2018-04-01,April,2018,735934.7692307692
Ranga Reddy,2018-05-01,May,2018,682386.4615384615
Ranga Reddy,2018-06-01,June,2018,628838.1538461538
Ranga Reddy,2018-07-01,July,2018,575289.8461538461
Ranga Reddy,2018-08-01,August,2018,521741.53846153844
Ranga Reddy,2018-09-01,September,2018,468193.23076923075
Ranga Reddy,2018-10-01,October,2018,414644.923076923
Ranga Reddy,2018-11-01,November,2018,361096.6153846154
Ranga Reddy,2018-12-01,December,2018,307548.30769230763
Sangareddy,2018-01-01,January,2018,254000.0
Sangareddy,2018-02-01,February,2018,540000.0
Sangareddy,2018-03-01,March,2018,158500.0
Sangareddy,2018-04-01,April,2018,162500.0
Sangareddy,2018-05-01,May,2018,157000.0
Sangareddy,2018-06-01,June,2018,93500.0
Sangareddy,2018-07-01,July,2018,108600.0
Sangareddy,2018-08-01,August,2018,205000.0
Sangareddy,2018-09-01,September,2018,125000.0
Sangareddy,2018-10-01,October,2018,171800.0
Sangareddy,2018-11-01,November,2018,160000.0
Sangareddy,2018-12-01,December,2018,134000.0
Siddipet,2018-01-01,January,2018,253000.0
Siddipet,2018-02-01,February,2018,44000.0
Siddipet,2018-03-01,March,2018,164800.0
Siddipet,2018-04-01,April,2018,115000.0
Siddipet,2018-05-01,May,2018,165200.0
Siddipet,2018-06-01,June,2018,104300.0
Siddipet,2018-07-01,July,2018,54000.0
Siddipet,2018-08-01,August,2018,100000.0
Siddipet,2018-09-01,September,2018,55000.0
Siddipet,2018-10-01,October,2018,43000.0
Siddipet,2018-11-01,November,2018,135000.0
Siddipet,2018-12-01,December,2018,50000.0
Suryapet,2018-01-01,January,2018,49125.24
Suryapet,2018-02-01,February,2018,48250.48
Suryapet,2018-03-01,March,2018,47375.72
Suryapet,2018-04-01,April,2018,46500.96
Suryapet,2018-05-01,May,2018,45626.2
Suryapet,2018-06-01,June,2018,44751.44
Suryapet,2018-07-01,July,2018,43876.68
Suryapet,2018-08-01,August,2018,43001.92
Suryapet,2018-09-01,September,2018,42127.16
Suryapet,2018-10-01,October,2018,41252.4
Suryapet,2018-11-01,November,2018,40377.64
Suryapet,2018-12-01,December,2018,39502.880000000005
Vikarabad,2018-01-01,January,2018,38628.12
Vikarabad,2018-02-01,February,2018,37753.36
Vikarabad,2018-03-01,March,2018,36878.6
Vikarabad,2018-04-01,April,2018,36003.84
Vikarabad,2018-05-01,May,2018,35129.08
Vikarabad,2018-06-01,June,2018,34254.32
Vikarabad,2018-07-01,July,2018,33379.56
Vikarabad,2018-08-01,August,2018,32504.8
Vikarabad,2018-09-01,September,2018,31630.04
Vikarabad,2018-10-01,October,2018,30755.28
Vikarabad,2018-11-01,November,2018,29880.52
Vikarabad,2018-12-01,December,2018,29005.760000000002
Wanaparthy,2018-01-01,January,2018,28131.0
Wanaparthy,2018-02-01,February,2018,22341.0
Wanaparthy,2018-03-01,March,2018,20050.0
Wanaparthy,2018-04-01,April,2018,10550.0
Wanaparthy,2018-05-01,May,2018,11502.0
Wanaparthy,2018-06-01,June,2018,19092.0
Wanaparthy,2018-07-01,July,2018,32625.0
Wanaparthy,2018-08-01,August,2018,35860.0
Wanaparthy,2018-09-01,September,2018,32002.0
Wanaparthy,2018-10-01,October,2018,21234.0
Wanaparthy,2018-11-01,November,2018,32657.0
Wanaparthy,2018-12-01,December,2018,20556.0
Warangal (Rural),2018-01-01,January,2018,25200.0
Warangal (Rural),2018-02-01,February,2018,26300.0
Warangal (Rural),2018-03-01,March,2018,26200.0
Warangal (Rural),2018-04-01,April,2018,21600.0
Warangal (Rural),2018-05-01,May,2018,22100.0
Warangal (Rural),2018-06-01,June,2018,23100.0
Warangal (Rural),2018-07-01,July,2018,25900.0
Warangal (Rural),2018-08-01,August,2018,25700.0
Warangal (Rural),2018-09-01,September,2018,25800.0
Warangal (Rural),2018-10-01,October,2018,26000.0
Warangal (Rural),2018-11-01,November,2018,24050.0
Warangal (Rural),2018-12-01,December,2018,30062.0
Warangal (Urban),2018-01-01,January,2018,137530.0
Warangal (Urban),2018-02-01,February,2018,145750.0
Warangal (Urban),2018-03-01,March,2018,140300.0
Warangal (Urban),2018-04-01,April,2018,142510.0
Warangal (Urban),2018-05-01,May,2018,143425.0
Warangal (Urban),2018-06-01,June,2018,135615.0
Warangal (Urban),2018-07-01,July,2018,136560.0
Warangal (Urban),2018-08-01,August,2018,136760.0
Warangal (Urban),2018-09-01,September,2018,138780.0
Warangal (Urban),2018-10-01,October,2018,140948.0
Warangal (Urban),2018-11-01,November,2018,144515.0
Warangal (Urban),2018-12-01,December,2018,180643.0
Yadadri Bhongir,2018-01-01,January,2018,2016000.0
Yadadri Bhongir,2018-02-01,February,2018,3073872.0
Yadadri Bhongir,2018-03-01,March,2018,2836580.0
Yadadri Bhongir,2018-04-01,April,2018,692370.0
Yadadri Bhongir,2018-05-01,May,2018,781842.0
Yadadri Bhongir,2018-06-01,June,2018,577570.0
Yadadri Bhongir,2018-07-01,July,2018,671156.0
Yadadri Bhongir,2018-08-01,August,2018,526445.0
Yadadri Bhongir,2018-09-01,September,2018,819350.0
Yadadri Bhongir,2018-10-01,October,2018,586475.0
Yadadri Bhongir,2018-11-01,November,2018,485208.0
Yadadri Bhongir,2018-12-01,December,2018,606510.0
Adilabad,2019-01-01,January,2019,25071.0
Adilabad,2019-02-01,February,2019,406177.0
Adilabad,2019-03-01,March,2019,14347.0
Adilabad,2019-04-01,April,2019,9972.0
Adilabad,2019-05-01,May,2019,6997.0
Adilabad,2019-06-01,June,2019,9161.0
Adilabad,2019-07-01,July,2019,11791.0
Adilabad,2019-08-01,August,2019,108173.0
Adilabad,2019-09-01,September,2019,37589.0
Adilabad,2019-10-01,October,2019,38184.0
Adilabad,2019-11-01,November,2019,70344.0
Adilabad,2019-12-01,December,2019,38089.0
Bhadradri Kothagudem,2019-01-01,January,2019,283365.0
Bhadradri Kothagudem,2019-02-01,February,2019,229159.0
Bhadradri Kothagudem,2019-03-01,March,2019,225448.0
Bhadradri Kothagudem,2019-04-01,April,2019,349585.0
Bhadradri Kothagudem,2019-05-01,May,2019,275800.0
Bhadradri Kothagudem,2019-06-01,June,2019,9761776.0
Bhadradri Kothagudem,2019-07-01,July,2019,233338.0
Bhadradri Kothagudem,2019-08-01,August,2019,271941.0
Bhadradri Kothagudem,2019-09-01,September,2019,314199.0
Bhadradri Kothagudem,2019-10-01,October,2019,287432.0
Bhadradri Kothagudem,2019-11-01,November,2019,298366.0
Bhadradri Kothagudem,2019-12-01,December,2019,287328.0
Hyderabad,2019-01-01,January,2019,1426500.0
Hyderabad,2019-02-01,February,2019,983147.0
Hyderabad,2019-03-01,March,2019,1009991.0
Hyderabad,2019-04-01,April,2019,1045933.0
Hyderabad,2019-05-01,May,2019,1305748.0
Hyderabad,2019-06-01,June,2019,1262995.0
Hyderabad,2019-07-01,July,2019,1094861.0
Hyderabad,2019-08-01,August,2019,1121380.0
Hyderabad,2019-09-01,September,2019,959930.0
Hyderabad,2019-10-01,October,2019,1240643.0
Hyderabad,2019-11-01,November,2019,1073665.0
Hyderabad,2019-12-01,December,2019,1277569.0
Jagtial,2019-01-01,January,2019,211913.0
Jagtial,2019-02-01,February,2019,215105.0
Jagtial,2019-03-01,March,2019,194090.0
Jagtial,2019-04-01,April,2019,447226.0
Jagtial,2019-05-01,May,2019,500206.0
Jagtial,2019-06-01,June,2019,235363.0
Jagtial,2019-07-01,July,2019,157419.0
Jagtial,2019-08-01,August,2019,151570.0
Jagtial,2019-09-01,September,2019,157564.0
Jagtial,2019-10-01,October,2019,165070.0
Jagtial,2019-11-01,November,2019,277630.0
Jagtial,2019-12-01,December,2019,372959.0
Jangaon,2019-01-01,January,2019,28750.0
Jangaon,2019-02-01,February,2019,28810.0
Jangaon,2019-03-01,March,2019,27300.0
Jangaon,2019-04-01,April,2019,26160.0
Jangaon,2019-05-01,May,2019,26740.0
Jangaon,2019-06-01,June,2019,25820.0
Jangaon,2019-07-01,July,2019,24160.0
Jangaon,2019-08-01,August,2019,27800.0
Jangaon,2019-09-01,September,2019,28640.0
Jangaon,2019-10-01,October,2019,27840.0
Jangaon,2019-11-01,November,2019,28410.0
Jangaon,2019-12-01,December,2019,28460.0
Jayashankar Bhoopalpally,2019-01-01,January,2019,197430.0
Jayashankar Bhoopalpally,2019-02-01,February,2019,33500.0
Jayashankar Bhoopalpally,2019-03-01,March,2019,37500.0
Jayashankar Bhoopalpally,2019-04-01,April,2019,38500.0
Jayashankar Bhoopalpally,2019-05-01,May,2019,30800.0
Jayashankar Bhoopalpally,2019-06-01,June,2019,40500.0
Jayashankar Bhoopalpally,2019-07-01,July,2019,45500.0
Jayashankar Bhoopalpally,2019-08-01,August,2019,45000.0
Jayashankar Bhoopalpally,2019-09-01,September,2019,50500.0
Jayashankar Bhoopalpally,2019-10-01,October,2019,46000.0
Jayashankar Bhoopalpally,2019-11-01,November,2019,51500.0
Jayashankar Bhoopalpally,2019-12-01,December,2019,45800.0
Jogulamba Gadwal,2019-01-01,January,2019,146441.0
Jogulamba Gadwal,2019-02-01,February,2019,481110.0
Jogulamba Gadwal,2019-03-01,March,2019,155013.0
Jogulamba Gadwal,2019-04-01,April,2019,82334.0
Jogulamba Gadwal,2019-05-01,May,2019,154609.0
Jogulamba Gadwal,2019-06-01,June,2019,155013.0
Jogulamba Gadwal,2019-07-01,July,2019,114951.0
Jogulamba Gadwal,2019-08-01,August,2019,123733.0
Jogulamba Gadwal,2019-09-01,September,2019,131485.0
Jogulamba Gadwal,2019-10-01,October,2019,152898.0
Jogulamba Gadwal,2019-11-01,November,2019,128075.0
Jogulamba Gadwal,2019-12-01,December,2019,182333.0
Kamareddy,2019-01-01,January,2019,42.0
Kamareddy,2019-02-01,February,2019,41.0
Kamareddy,2019-03-01,March,2019,45.0
Kamareddy,2019-04-01,April,2019,41.0
Kamareddy,2019-05-01,May,2019,46.0
Kamareddy,2019-06-01,June,2019,41.0
Kamareddy,2019-07-01,July,2019,50.0
Kamareddy,2019-08-01,August,2019,50.0
Kamareddy,2019-09-01,September,2019,41.0
Kamareddy,2019-10-01,October,2019,46.0
Kamareddy,2019-11-01,November,2019,46.0
Kamareddy,2019-12-01,December,2019,45.0
Karimnagar,2019-01-01,January,2019,10285.0
Karimnagar,2019-02-01,February,2019,6480.0
Karimnagar,2019-03-01,March,2019,6634.0
Karimnagar,2019-04-01,April,2019,5623.0
Karimnagar,2019-05-01,May,2019,3393.0
Karimnagar,2019-06-01,June,2019,3871.0
Karimnagar,2019-07-01,July,2019,5192.0
Karimnagar,2019-08-01,August,2019,5480.0
Karimnagar,2019-09-01,September,2019,8735.0
Karimnagar,2019-10-01,October,2019,6799.0
Karimnagar,2019-11-01,November,2019,7101.0
Karimnagar,2019-12-01,December,2019,7898.0
Khammam,2019-01-01,January,2019,123550.0
Khammam,2019-02-01,February,2019,98471.0
Khammam,2019-03-01,March,2019,91340.0
Khammam,2019-04-01,April,2019,135920.0
Khammam,2019-05-01,May,2019,130971.0
Khammam,2019-06-01,June,2019,127270.0
Khammam,2019-07-01,July,2019,103260.0
Khammam,2019-08-01,August,2019,111374.0
Khammam,2019-09-01,September,2019,133754.0
Khammam,2019-10-01,October,2019,128625.0
Khammam,2019-11-01,November,2019,104380.0
Khammam,2019-12-01,December,2019,124525.0
Komaram Bheem Asifabad,2019-01-01,January,2019,2476.0
Komaram Bheem Asifabad,2019-02-01,February,2019,1449.0
Komaram Bheem Asifabad,2019-03-01,March,2019,1212.0
Komaram Bheem Asifabad,2019-04-01,April,2019,663.0
Komaram Bheem Asifabad,2019-05-01,May,2019,493.0
Komaram Bheem Asifabad,2019-06-01,June,2019,506.0
Komaram Bheem Asifabad,2019-07-01,July,2019,1287.0
Komaram Bheem Asifabad,2019-08-01,August,2019,2572.0
Komaram Bheem Asifabad,2019-09-01,September,2019,1629.0
Komaram Bheem Asifabad,2019-10-01,October,2019,1943.0
Komaram Bheem Asifabad,2019-11-01,November,2019,2176.0
Komaram Bheem Asifabad,2019-12-01,December,2019,2783.0
Mahabubabad,2019-01-01,January,2019,13480.0
Mahabubabad,2019-02-01,February,2019,13545.0
Mahabubabad,2019-03-01,March,2019,13490.0
Mahabubabad,2019-04-01,April,2019,12980.0
Mahabubabad,2019-05-01,May,2019,11970.0
Mahabubabad,2019-06-01,June,2019,11460.0
Mahabubabad,2019-07-01,July,2019,13470.0
Mahabubabad,2019-08-01,August,2019,12190.0
Mahabubabad,2019-09-01,September,2019,13210.0
Mahabubabad,2019-10-01,October,2019,12260.0
Mahabubabad,2019-11-01,November,2019,12470.0
Mahabubabad,2019-12-01,December,2019,12360.0
Mahbubnagar,2019-01-01,January,2019,168082.0
Mahbubnagar,2019-02-01,February,2019,798949.0
Mahbubnagar,2019-03-01,March,2019,173658.0
Mahbubnagar,2019-04-01,April,2019,183268.0
Mahbubnagar,2019-05-01,May,2019,175202.0
Mahbubnagar,2019-06-01,June,2019,175853.0
Mahbubnagar,2019-07-01,July,2019,100398.0
Mahbubnagar,2019-08-01,August,2019,104787.0
Mahbubnagar,2019-09-01,September,2019,141387.0
Mahbubnagar,2019-10-01,October,2019,130227.0
Mahbubnagar,2019-11-01,November,2019,234066.0
Mahbubnagar,2019-12-01,December,2019,148938.0
Mancherial,2019-01-01,January,2019,18420.0
Mancherial,2019-02-01,February,2019,26325.0
Mancherial,2019-03-01,March,2019,16253.0
Mancherial,2019-04-01,April,2019,23026.0
Mancherial,2019-05-01,May,2019,26616.0
Mancherial,2019-06-01,June,2019,24593.0
Mancherial,2019-07-01,July,2019,22303.0
Mancherial,2019-08-01,August,2019,21191.0
Mancherial,2019-09-01,September,2019,24079.0
Mancherial,2019-10-01,October,2019,20867.0
Mancherial,2019-11-01,November,2019,29302.0
Mancherial,2019-12-01,December,2019,16835.0
Medak,2019-01-01,January,2019,400000.0
Medak,2019-02-01,February,2019,600000.0
Medak,2019-03-01,March,2019,1000000.0
Medak,2019-04-01,April,2019,650000.0
Medak,2019-05-01,May,2019,400000.0
Medak,2019-06-01,June,2019,300000.0
Medak,2019-07-01,July,2019,350000.0
Medak,2019-08-01,August,2019,349900.0
Medak,2019-09-01,September,2019,350400.0
Medak,2019-10-01,October,2019,350000.0
Medak,2019-11-01,November,2019,351560.0
Medak,2019-12-01,December,2019,350710.0
Medchal,2019-01-01,January,2019,323732.3076923077
Medchal,2019-02-01,February,2019,296754.6153846154
Medchal,2019-03-01,March,2019,269776.92307692306
Medchal,2019-04-01,April,2019,242799.23076923075
Medchal,2019-05-01,May,2019,215821.53846153847
Medchal,2019-06-01,June,2019,188843.84615384616
Medchal,2019-07-01,July,2019,161866.15384615384
Medchal,2019-08-01,August,2019,134888.46153846153
Medchal,2019-09-01,September,2019,107910.76923076922
Medchal,2019-10-01,October,2019,80933.07692307694
Medchal,2019-11-01,November,2019,53955.384615384624
Medchal,2019-12-01,December,2019,26977.692307692312
Mulugu,2019-01-01,January,2019,0.0
Mulugu,2019-02-01,February,2019,159640.0
Mulugu,2019-03-01,March,2019,156610.0
Mulugu,2019-04-01,April,2019,152570.0
Mulugu,2019-05-01,May,2019,154550.0
Mulugu,2019-06-01,June,2019,163480.0
Mulugu,2019-07-01,July,2019,167700.0
Mulugu,2019-08-01,August,2019,171050.0
Mulugu,2019-09-01,September,2019,172900.0
Mulugu,2019-10-01,October,2019,172500.0
Mulugu,2019-11-01,November,2019,173700.0
Mulugu,2019-12-01,December,2019,175100.0
Nagarkurnool,2019-01-01,January,2019,228812.0
Nagarkurnool,2019-02-01,February,2019,286258.0
Nagarkurnool,2019-03-01,March,2019,184508.0
Nagarkurnool,2019-04-01,April,2019,121460.0
Nagarkurnool,2019-05-01,May,2019,184372.0
Nagarkurnool,2019-06-01,June,2019,184508.0
Nagarkurnool,2019-07-01,July,2019,93450.0
Nagarkurnool,2019-08-01,August,2019,118010.0
Nagarkurnool,2019-09-01,September,2019,175712.0
Nagarkurnool,2019-10-01,October,2019,196160.0
Nagarkurnool,2019-11-01,November,2019,121425.0
Nagarkurnool,2019-12-01,December,2019,198637.0
Nalgonda,2019-01-01,January,2019,21284.0
Nalgonda,2019-02-01,February,2019,13697.0
Nalgonda,2019-03-01,March,2019,8467.0
Nalgonda,2019-04-01,April,2019,7202.0
Nalgonda,2019-05-01,May,2019,26338.0
Nalgonda,2019-06-01,June,2019,5558.0
Nalgonda,2019-07-01,July,2019,19783.0
Nalgonda,2019-08-01,August,2019,7473.0
Nalgonda,2019-09-01,September,2019,5230.0
Nalgonda,2019-10-01,October,2019,5290.0
Nalgonda,2019-11-01,November,2019,7177.0
Nalgonda,2019-12-01,December,2019,13419.0
Narayanapet,2019-01-01,January,2019,21336.571428571428
Narayanapet,2019-02-01,February,2019,29254.142857142855
Narayanapet,2019-03-01,March,2019,37171.71428571429
Narayanapet,2019-04-01,April,2019,45089.28571428571
Narayanapet,2019-05-01,May,2019,53006.857142857145
Narayanapet,2019-06-01,June,2019,60924.42857142857
Narayanapet,2019-07-01,July,2019,68842.0
Narayanapet,2019-08-01,August,2019,72249.0
Narayanapet,2019-09-01,September,2019,62841.0
Narayanapet,2019-10-01,October,2019,58213.0
Narayanapet,2019-11-01,November,2019,62750.0
Narayanapet,2019-12-01,December,2019,64355.0
Nirmal,2019-01-01,January,2019,313675.0
Nirmal,2019-02-01,February,2019,443898.0
Nirmal,2019-03-01,March,2019,424964.0
Nirmal,2019-04-01,April,2019,327971.0
Nirmal,2019-05-01,May,2019,149705.0
Nirmal,2019-06-01,June,2019,349747.0
Nirmal,2019-07-01,July,2019,359495.0
Nirmal,2019-08-01,August,2019,334646.0
Nirmal,2019-09-01,September,2019,299827.0
Nirmal,2019-10-01,October,2019,263412.0
Nirmal,2019-11-01,November,2019,253388.0
Nirmal,2019-12-01,December,2019,296050.0
Nizamabad,2019-01-01,January,2019,878.0
Nizamabad,2019-02-01,February,2019,915.0
Nizamabad,2019-03-01,March,2019,938.0
Nizamabad,2019-04-01,April,2019,958.0
Nizamabad,2019-05-01,May,2019,1193.0
Nizamabad,2019-06-01,June,2019,686.0
Nizamabad,2019-07-01,July,2019,990.0
Nizamabad,2019-08-01,August,2019,1004.0
Nizamabad,2019-09-01,September,2019,6572.0
Nizamabad,2019-10-01,October,2019,8849.0
Nizamabad,2019-11-01,November,2019,11950.0
Nizamabad,2019-12-01,December,2019,11400.0
Peddapalli,2019-01-01,January,2019,1055.0
Peddapalli,2019-02-01,February,2019,1157.0
Peddapalli,2019-03-01,March,2019,895.0
Peddapalli,2019-04-01,April,2019,942.0
Peddapalli,2019-05-01,May,2019,802.0
Peddapalli,2019-06-01,June,2019,735.0
Peddapalli,2019-07-01,July,2019,1085.0
Peddapalli,2019-08-01,August,2019,1505.0
Peddapalli,2019-09-01,September,2019,1785.0
Peddapalli,2019-10-01,October,2019,2080.0
Peddapalli,2019-11-01,November,2019,2225.0
Peddapalli,2019-12-01,December,2019,2315.0
Rajanna Sircilla,2019-01-01,January,2019,6188298.0
Rajanna Sircilla,2019-02-01,February,2019,1015550.0
Rajanna Sircilla,2019-03-01,March,2019,1444971.0
Rajanna Sircilla,2019-04-01,April,2019,1148062.0
Rajanna Sircilla,2019-05-01,May,2019,1018131.0
Rajanna Sircilla,2019-06-01,June,2019,1128849.0
Rajanna Sircilla,2019-07-01,July,2019,422961.0
Rajanna Sircilla,2019-08-01,August,2019,586118.0
Rajanna Sircilla,2019-09-01,September,2019,501293.0
Rajanna Sircilla,2019-10-01,October,2019,646492.0
Rajanna Sircilla,2019-11-01,November,2019,1259371.0
Rajanna Sircilla,2019-12-01,December,2019,1472801.0
Ranga Reddy,2019-01-01,January,2019,1370585.5384615385
Ranga Reddy,2019-02-01,February,2019,1268370.076923077
Ranga Reddy,2019-03-01,March,2019,1166154.6153846155
Ranga Reddy,2019-04-01,April,2019,1063939.153846154
Ranga Reddy,2019-05-01,May,2019,961723.6923076924
Ranga Reddy,2019-06-01,June,2019,859508.2307692308
Ranga Reddy,2019-07-01,July,2019,757292.7692307692
Ranga Reddy,2019-08-01,August,2019,655077.3076923077
Ranga Reddy,2019-09-01,September,2019,552861.8461538462
Ranga Reddy,2019-10-01,October,2019,450646.38461538474
Ranga Reddy,2019-11-01,November,2019,348430.92307692324
Ranga Reddy,2019-12-01,December,2019,246215.4615384615
Sangareddy,2019-01-01,January,2019,144000.0
Sangareddy,2019-02-01,February,2019,148000.0
Sangareddy,2019-03-01,March,2019,747000.0
Sangareddy,2019-04-01,April,2019,205000.0
Sangareddy,2019-05-01,May,2019,133000.0
Sangareddy,2019-06-01,June,2019,347000.0
Sangareddy,2019-07-01,July,2019,467000.0
Sangareddy,2019-08-01,August,2019,466150.0
Sangareddy,2019-09-01,September,2019,468350.0
Sangareddy,2019-10-01,October,2019,467470.0
Sangareddy,2019-11-01,November,2019,481720.0
Sangareddy,2019-12-01,December,2019,478470.0
Siddipet,2019-01-01,January,2019,140793.0
Siddipet,2019-02-01,February,2019,199549.0
Siddipet,2019-03-01,March,2019,204600.0
Siddipet,2019-04-01,April,2019,184412.0
Siddipet,2019-05-01,May,2019,110500.0
Siddipet,2019-06-01,June,2019,1037000.0
Siddipet,2019-07-01,July,2019,179320.0
Siddipet,2019-08-01,August,2019,190750.0
Siddipet,2019-09-01,September,2019,122550.0
Siddipet,2019-10-01,October,2019,191330.0
Siddipet,2019-11-01,November,2019,209130.0
Siddipet,2019-12-01,December,2019,217930.0
Suryapet,2019-01-01,January,2019,210338.04
Suryapet,2019-02-01,February,2019,202746.08
Suryapet,2019-03-01,March,2019,195154.12
Suryapet,2019-04-01,April,2019,187562.16
Suryapet,2019-05-01,May,2019,179970.2
Suryapet,2019-06-01,June,2019,172378.24
Suryapet,2019-07-01,July,2019,164786.28
Suryapet,2019-08-01,August,2019,157194.32
Suryapet,2019-09-01,September,2019,149602.36
Suryapet,2019-10-01,October,2019,142010.4
Suryapet,2019-11-01,November,2019,134418.44
Suryapet,2019-12-01,December,2019,126826.48
Vikarabad,2019-01-01,January,2019,119234.52
Vikarabad,2019-02-01,February,2019,111642.56
Vikarabad,2019-03-01,March,2019,104050.6
Vikarabad,2019-04-01,April,2019,96458.64
Vikarabad,2019-05-01,May,2019,88866.68
Vikarabad,2019-06-01,June,2019,81274.72
Vikarabad,2019-07-01,July,2019,73682.76000000001
Vikarabad,2019-08-01,August,2019,66090.79999999999
Vikarabad,2019-09-01,September,2019,58498.84
Vikarabad,2019-10-01,October,2019,50906.880000000005
Vikarabad,2019-11-01,November,2019,43314.92000000001
Vikarabad,2019-12-01,December,2019,35722.95999999999
Wanaparthy,2019-01-01,January,2019,28131.0
Wanaparthy,2019-02-01,February,2019,22342.0
Wanaparthy,2019-03-01,March,2019,20050.0
Wanaparthy,2019-04-01,April,2019,23749.0
Wanaparthy,2019-05-01,May,2019,20010.0
Wanaparthy,2019-06-01,June,2019,20050.0
Wanaparthy,2019-07-01,July,2019,32625.0
Wanaparthy,2019-08-01,August,2019,35860.0
Wanaparthy,2019-09-01,September,2019,21375.0
Wanaparthy,2019-10-01,October,2019,21234.0
Wanaparthy,2019-11-01,November,2019,32657.0
Wanaparthy,2019-12-01,December,2019,20556.0
Warangal (Rural),2019-01-01,January,2019,28700.0
Warangal (Rural),2019-02-01,February,2019,28800.0
Warangal (Rural),2019-03-01,March,2019,29000.0
Warangal (Rural),2019-04-01,April,2019,26900.0
Warangal (Rural),2019-05-01,May,2019,24900.0
Warangal (Rural),2019-06-01,June,2019,27100.0
Warangal (Rural),2019-07-01,July,2019,28600.0
Warangal (Rural),2019-08-01,August,2019,31600.0
Warangal (Rural),2019-09-01,September,2019,32600.0
Warangal (Rural),2019-10-01,October,2019,31100.0
Warangal (Rural),2019-11-01,November,2019,32150.0
Warangal (Rural),2019-12-01,December,2019,32050.0
Warangal (Urban),2019-01-01,January,2019,151545.0
Warangal (Urban),2019-02-01,February,2019,157755.0
Warangal (Urban),2019-03-01,March,2019,154305.0
Warangal (Urban),2019-04-01,April,2019,150425.0
Warangal (Urban),2019-05-01,May,2019,143230.0
Warangal (Urban),2019-06-01,June,2019,144400.0
Warangal (Urban),2019-07-01,July,2019,145440.0
Warangal (Urban),2019-08-01,August,2019,148030.0
Warangal (Urban),2019-09-01,September,2019,151070.0
Warangal (Urban),2019-10-01,October,2019,147450.0
Warangal (Urban),2019-11-01,November,2019,153880.0
Warangal (Urban),2019-12-01,December,2019,147700.0
Yadadri Bhongir,2019-01-01,January,2019,479293.0
Yadadri Bhongir,2019-02-01,February,2019,56525.0
Yadadri Bhongir,2019-03-01,March,2019,481923.0
Yadadri Bhongir,2019-04-01,April,2019,441150.0
Yadadri Bhongir,2019-05-01,May,2019,345790.0
Yadadri Bhongir,2019-06-01,June,2019,370566.0
Yadadri Bhongir,2019-07-01,July,2019,332770.0
Yadadri Bhongir,2019-08-01,August,2019,389010.0
Yadadri Bhongir,2019-09-01,September,2019,366862.0
Yadadri Bhongir,2019-10-01,October,2019,381860.0
Yadadri Bhongir,2019-11-01,November,2019,365990.0
Yadadri Bhongir,2019-12-01,December,2019,477635.0
